Belepek;fkjhfksah@jfdklgj.hu;a1b1c1d1;a1b1c1d1;Authent
Belepek;fkjhfksah@jfdklgj.hu;a1b1c1d1;a1b1c1d2;Amazon Regist
Belepek;fkjhfksah@jfdklgj.hu;a;a;Amazon Regist
Belepek;fkjhfksah@jfdklgj.hu;a;a1;Amazon Regist
Belepek;okokok@ok;a1b1c1d1;a1b1c1d2;Amazon Regist
Belepek;okokokok.ok;a1b1c1d1;a1b1c2;Amazon Regist
Belepek;okokokok.ok;a;a;Amazon Regist
Belepek;okokokok.ok;a;a1;Amazon Regist
;fkjhfksah@jfdklgj.hu;a1b1c1d1;a1b1c1d2;Amazon Regist
;fkjhfksah@jfdklgj.hu;a1b1c1d1;a1b1c12;Amazon Regist
;fkjhfksah@jfdklgj.hu;a;a;Amazon Regist
;fkjhfksah@jfdklgj.hu;a;a1b1d2;Amazon Regist
;okokokok.ok;a1b1c1d1;a1b1c1d2;Amazon Regist
;okokokok.ok;a1b1c1d1;ab1c1d2;Amazon Regist
;okokokok.ok;a;a;Amazon Regist
;okokokok.ok;a;a1;Amazon Regist